Company Name,Company LinkedIn Link,Company Website,Phone Number,Company Size
Symbiosys Entertainment,https://www.linkedin.com/company/symbiosys-entertainment/,http://www.symbiosysentertainment.com,,"1,001-5,000 employees"
Engineer Master Solutions Pvt. Ltd.,https://www.linkedin.com/company/engineer-master/,http://www.engineermaster.in/,,51-200 employees
DooGraphics,https://www.linkedin.com/company/doographic/,https://doographics.com/,,11-50 employees
LMB Productions,https://www.linkedin.com/company/lmb-productions/,http://www.lmbproductions.in,,2-10 employees
Innowyn,https://www.linkedin.com/company/innowyn/,http://www.innowyn.com,+91 997-833-7571,11-50 employees
ChuChu TV,https://www.linkedin.com/company/chuchu-tv-studios/,http://www.chuchutv.com,,51-200 employees
,https://www.linkedin.com/company/image-college-of-arts-animation-and-technology/,http://www.icat.ac.in,,11-50 employees
VFX PICK,https://www.linkedin.com/company/vfxpick/,https://www.vfxpick.com/,+91 44 42849291,51-200 employees
Charuvi Design Labs Pvt. Ltd (CDL),https://www.linkedin.com/company/cdl_2/,http://www.cdl.tv,,11-50 employees
PAD Integrated Communications,https://www.linkedin.com/company/padintegrated/,http://www.pad.agency,+91 7569016362,51-200 employees
3DLabz Animation Limited,https://www.linkedin.com/company/3d-labz-animation-india/,https://www.3dlabz.com,,51-200 employees
Image Infotainment Limited,https://www.linkedin.com/company/image-infotainment/,http://www.imageil.com,,201-500 employees
Animation Circle Studio,https://www.linkedin.com/company/animation-circle-studio/,https://www.facebook.com/AnimateYourThought/,7890732058,11-50 employees
Tripixel Animation Studios,https://www.linkedin.com/company/tripixel-animation-studios/,https://tripixelanimation.com/,7769056555,11-50 employees
Agumentik Software Private Limited | Fastest Growing IT-Company | Best Development Company ,https://www.linkedin.com/company/agumentiksoftware/,https://www.agumentik.com,+91-63026 51044,51-200 employees
KREO Design &amp; Innovation,https://www.linkedin.com/company/kreodesign/,https://www.kreo.in/,,11-50 employees
KONCEPT PANDA ANIMATION STUDIO LLP,https://www.linkedin.com/company/koncept-panda-animation-studio-llp/,http://www.konceptpanda.com,,
Vspagy,https://www.linkedin.com/company/vspagy/,http://www.vspagy.com,9910169015,11-50 employees
19th Hole Studios ,https://www.linkedin.com/company/19thholestudios/,http://19thholestudios.com/,,11-50 employees
Pocket Aces,https://www.linkedin.com/company/pocket-aces-pictures-pvt-ltd-/,http://www.pocketaces.in,,51-200 employees
ANTS Digital Pvt. Ltd.,https://www.linkedin.com/company/ants-digital-pvt-ltd/,http://www.antsdigital.in,9654953233,11-50 employees
Red Bangle ,https://www.linkedin.com/company/redbangle/,http://www.redbangle.com,,11-50 employees
Admaren Tech Private Limited,https://www.linkedin.com/company/admaren/,http://www.admaren.com,9633384111,11-50 employees
Zeus Learning,https://www.linkedin.com/company/zeus-learning/,http://www.zeuslearning.com,,201-500 employees
Enso Immersive,https://www.linkedin.com/company/enso-immersive/,https://ensoimmersive.com,9351739913,11-50 employees
Prismart Productions,https://www.linkedin.com/company/prismart-productions/,https://www.prismartglobal.com/,8527996328,51-200 employees
Eden Animation,https://www.linkedin.com/company/eden-animation/,http://www.edenanimation.com,,51-200 employees
Wackytoon Studio Pvt Ltd,https://www.linkedin.com/company/wackytoonstudio/,http://www.wackytoon.in,+913366343535,51-200 employees
Unicorn Infosolution,https://www.linkedin.com/company/unicorn-infosolution/,http://www.uipl.co.in,,51-200 employees
Elroi Animation,https://www.linkedin.com/company/elroi-animation/,https://elroianimation.com/,9390292323,2-10 employees
Toolbox Studio,https://www.linkedin.com/company/1099051/,https://www.toolbox-studio.com,+91-77700-10455,11-50 employees
Creatfx studio,https://www.linkedin.com/company/creatfx-studio/,http://www.creatfx.com,,11-50 employees
Synclarity,https://www.linkedin.com/company/synclarity/,http://synclarity.in,,11-50 employees
"ISKCON, Bangalore",https://www.linkedin.com/company/iskcon-bangalore/,https://www.iskconbangalore.org,,"501-1,000 employees"
Swio - One Stop Solution,https://www.linkedin.com/company/swiocorporate/,https://swio.in,9666663616,11-50 employees
,https://www.linkedin.com/company/global-school-of-animation-&amp;-games/,,,
Digitech Magic,https://www.linkedin.com/company/digitech-magic/,http://www.digitechmagic.com,9370182661,11-50 employees
MAAC,https://www.linkedin.com/company/maac/,http://www.maacindia.com,,201-500 employees
Story Digital ,https://www.linkedin.com/company/story-digital-india/,http://www.storydigital.in,,11-50 employees
vfxexpress ,https://www.linkedin.com/company/vfxexpressonlinemedia/,http://www.vfxexpress.com,,2-10 employees
Futuready Media,https://www.linkedin.com/company/futuready-media/,http://www.futureadymedia.com,,11-50 employees
LISAA - L'Institut Supérieur des Arts Appliqués.,https://www.linkedin.com/company/lisaa/,http://www.lisaa.com,,201-500 employees
LanguageNoBar - Translation/Localization,https://www.linkedin.com/company/languagenobar/,http://www.languagenobar.com,,51-200 employees
Altoura,https://www.linkedin.com/company/studio-216/,http://www.altoura.com,,51-200 employees
redchillies.vfx,https://www.linkedin.com/company/redchillies-vfx/,http://www.redchilliesvfx.com,,201-500 employees
Minimal Tweaks,https://www.linkedin.com/company/minimaltweaks/,https://minimaltweaks.com/,9891299391,2-10 employees
Rocket Science Animation,https://www.linkedin.com/company/rocketscienceanimation/,http://www.rocketscienceanimation.com,,2-10 employees
SOPAN Infotech,https://www.linkedin.com/company/cadcamservicesgujarat/,http://www.sopaninfotech.com,9725554395,201-500 employees
CGTantra,https://www.linkedin.com/company/cgtantra/,http://www.cgtantra.com,,11-50 employees
Arena Animation Belagavi,https://www.linkedin.com/company/arena-animation-belagavi/,https://arena-animations.com/,,2-10 employees
Figmaax Animation Studio Ind Pvt Ltd.,https://www.linkedin.com/company/figmaax-animation-studio-ind-pvt-ltd-/,,,11-50 employees
Vinformax,https://www.linkedin.com/company/vinformax/,http://www.vinformax.com,,201-500 employees
"Biorev, LLC | 3D Rendering Studio",https://www.linkedin.com/company/biorev-llc/,http://www.biorev.com,(770) 572-1828,51-200 employees
RNGplay,https://www.linkedin.com/company/rngplay/,http://www.rngplay.com,,11-50 employees
,https://www.linkedin.com/company/sheen-animation-studio/,,,51-200 employees
Vivishaas Artage Animation Studio Private Limited,https://www.linkedin.com/company/vivishaa-s-artage-animation-studio-private-limited/,,,201-500 employees
RESOLUTE Group of Companies,https://www.linkedin.com/company/resolute-group-india/,http://www.resoluteelectronics.com,,"1,001-5,000 employees"
Zee Institute of Creative Arts -ZICA,https://www.linkedin.com/company/zicaworld/,http://www.zica.org/,,51-200 employees
WordSword Creations Pvt.ltd.,https://www.linkedin.com/company/wordsword-creations-com-pvt-ltd/,http://wordswordcreations.com,,51-200 employees
vConstruct Private Limited,https://www.linkedin.com/company/vconstruct-private-limited/,http://www.vconstruct.in,,201-500 employees
Vireo Animation Pvt Ltd,https://www.linkedin.com/company/vireo-animation/,http://vireoanimation.in,8464014333,11-50 employees
Maac Animation Lucknow,https://www.linkedin.com/company/maaclucknow/,http://www.maacanimationlucknow.com/,,11-50 employees
TGC Animation and Multimedia,https://www.linkedin.com/company/technical-education-society/,http://www.tgicnidia.com,,2-10 employees
Laughing Lion Animtaion Pvt. Ltd.,https://www.linkedin.com/company/laughing-lion-animtaion-pvt.-ltd./,http://www.laughinglion.in,,51-200 employees
ICAT Design &amp; Media College,https://www.linkedin.com/company/icat-design-media-college/,http://www.icat.ac.in/,,51-200 employees
CQS Training Private Limited,https://www.linkedin.com/company/cqs-training/,https://cqstraining.com/,9818256482,51-200 employees
Improvians Engineering Services,https://www.linkedin.com/company/improvians/,http://www.improvians.com,8850693543,2-10 employees
Lumicel Animation Studios,https://www.linkedin.com/company/lumicel/,https://www.lumicelstudios.com,,51-200 employees
Cosmos-Maya,https://www.linkedin.com/company/cosmos-maya/,https://cosmos-maya.com/,+91 2239236292,"1,001-5,000 employees"
The Motion Story,https://www.linkedin.com/company/themotionstory/,http://www.themotionstory.com,7385401323,11-50 employees
Studio56 Animation,https://www.linkedin.com/company/studio56-india-/,http://www.studio56.com,,201-500 employees
Tiranga College of Animation &amp; VFX ,https://www.linkedin.com/company/tiranga-college-of-animation-vfx/,https://tirangaeducation.com,77208 18111,2-10 employees
VawWorld Animation Studios,https://www.linkedin.com/company/vawworldanimationstudios/,http://www.vawworldstudios.com,,11-50 employees
After Studio,https://www.linkedin.com/company/after-studio/,,,51-200 employees
Webandcrafts,https://www.linkedin.com/company/webandcrafts/,https://www.webandcrafts.com,+91 480 2733 999,201-500 employees
Super DNA 3Dlab,https://www.linkedin.com/company/superdna-3d-lab/,http://superdna3dlab.com,,11-50 employees
idYAY Creations,https://www.linkedin.com/company/idyay/,http://www.idyay.com/,+919899008644,2-10 employees
"Srishti Manipal Institute of Art, Design and Technology",https://www.linkedin.com/company/srishtimanipal-institute-of-art-design-and-technology/,http://srishtimanipalinstitute.in/,,51-200 employees
Manipal Global Education Services,https://www.linkedin.com/company/manipal-global-education-services/,https://manipalglobal.com/,,"1,001-5,000 employees"
Rams Creative Technologies Pvt. Ltd.,https://www.linkedin.com/company/rams-creative-technologies/,http://www.ramscreative.com,9001896954,51-200 employees
,https://www.linkedin.com/company/ripple-digital-&amp;-animation/,,,
CLOUDZEE Animation India,https://www.linkedin.com/company/cloudzeeindia/,https://www.cloudzeeanimation.com,+91 9535094630,51-200 employees
Videogyan Studios Pvt Ltd,https://www.linkedin.com/company/videogyan-media/,http://www.videogyan.com,,51-200 employees
"J.C. Bose University of Science and Technology, YMCA",https://www.linkedin.com/company/jcboseust/,http://www.jcboseust.ac.in,,201-500 employees
Vaak Creatives ,https://www.linkedin.com/company/vaakcreatives/,http://www.vaakcreatives.com,,11-50 employees
White Globe Group ,https://www.linkedin.com/company/whiteglobegroup/,http://www.whiteglobe.co.in,,51-200 employees
SparkleTown Animation Studios,https://www.linkedin.com/company/sparkletown/,http://sparkletown.in,7999977797,11-50 employees
Exigent3D,https://www.linkedin.com/company/exigent3d/,http://www.exigent3d.com,,51-200 employees
Snowflakes Software Pvt. Ltd,https://www.linkedin.com/company/snowflakes-software-pvt.-ltd/,http://snowflakessoftware.com/,,11-50 employees
Osiz Technologies Private Limited,https://www.linkedin.com/company/osiz-technologies-private-limited/,http://www.osiztechnologies.com,,51-200 employees
DR.POLARIS,https://www.linkedin.com/company/drpolarismed/,https://www.drpolaris.com/,,11-50 employees
Tasaa Infosolutions Pvt. Ltd.,https://www.linkedin.com/company/tasaa-infosolutions-pvt-ltd-/,http://www.tasaa.com,,51-200 employees
SND Media,https://www.linkedin.com/company/spooksandooks-media/,http://sndmedia.com,,11-50 employees
STUDIO BLUEWHITE,https://www.linkedin.com/company/studio-blue-white/,http://studiobluewhite.com/,,2-10 employees
Reliance Animation- BIG AIMS (ADA Group),https://www.linkedin.com/company/reliance-animation-big-aims-ada-group/,http://www.relianceanimation.com/big-animation.html,,201-500 employees
LotzAp,https://www.linkedin.com/company/lot-zap/,https://www.lotzap.com,+1 512.333.1321,11-50 employees
Tantra Infosolutions (also known as Total Outsource Inc),https://www.linkedin.com/company/tantra-info-solutions-also-known-as-total-outsource-inc-/,http://www.tantrainfosolutions.com,,51-200 employees
Altorise,https://www.linkedin.com/company/altorise/,https://www.altorise.com,,11-50 employees
Eiliana.com,https://www.linkedin.com/company/eiliana-com/,https://www.eiliana.com/,,11-50 employees
Arena Animation Hubli,https://www.linkedin.com/company/arena-animation-hubli/,http://www.arena-multimedia.com,8095354338,11-50 employees
Outsource AutoCAD Drafting,https://www.linkedin.com/company/outsource-autocad-drafting/,http://www.outsourceautocaddrafting.com,,11-50 employees
3D ANIMATION INDIA,https://www.linkedin.com/company/3d-animation-india/,http://www.3danimationindia.com,,2-10 employees
Animaster College of Animation &amp; Design,https://www.linkedin.com/company/animaster-academy---college-for-excellence-in-animation/,http://www.animaster.com,9901975609,51-200 employees
Dark Slope Studios,https://www.linkedin.com/company/dark-slope-studios/,https://www.darkslopestudios.com/,,11-50 employees
CUTAWAYY FILMS PVT. LTD.,https://www.linkedin.com/company/cutawayyfilms/,http://www.cutawayyfilms.com,,11-50 employees
Ant Animation studios,https://www.linkedin.com/company/antanimation/,http://antanimation.com,+91-99110 87521,2-10 employees
Adnet Global,https://www.linkedin.com/company/adnet-global/,http://www.adnetglobal.com,206.293.7190,"501-1,000 employees"
AD Medical Animation and Arts Pvt. Ltd. | ADMAA,https://www.linkedin.com/company/ad-medical-animation-and-arts-pvt-ltd-/,http://www.medicalanimation.in,,11-50 employees
Fly High Animation,https://www.linkedin.com/company/flyhighanimation/,http://flyhighanimation.com,,11-50 employees
MotionGility,https://www.linkedin.com/company/motiongilitystudio/,http://motiongility.com,+919669887834,11-50 employees
Zestminds,https://www.linkedin.com/company/zestminds/,https://www.zestminds.com,,11-50 employees
Knowledge Horizon,https://www.linkedin.com/company/knowledge-horizon/,http://www.knowledgehorizon.com,,51-200 employees
,https://www.linkedin.com/company/silver-canvas-media-art-&amp;-animation-studio/,,,
Arena Animation Shyambazar,https://www.linkedin.com/company/arena-animation-shyambazar/,https://www.arenash.com/,+91 98362 21155,11-50 employees
Aptech,https://www.linkedin.com/company/aptech/,http://www.aptech-worldwide.com,,"501-1,000 employees"
Nivida Web Solutions Pvt Ltd.,https://www.linkedin.com/company/nividawebsolutions/,https://www.nivida.in/,+91-8140088833,11-50 employees
Kooky Infomedia,https://www.linkedin.com/company/kooky-infomedia/,https://www.kookyinfomedia.com/,,11-50 employees
Aartoon - Online School of Animation and Design,https://www.linkedin.com/company/aartoon/,http://www.aartoon.com,+91-9823709488,11-50 employees
PHP Developer India,https://www.linkedin.com/company/phpdeveloperindia/,http://www.phpdeveloperindia.net,,51-200 employees
DP Animation Studio,https://www.linkedin.com/company/dp-animation-studio/,http://www.dpanimationstudio.com,,11-50 employees
McKayne,https://www.linkedin.com/company/mckayne/,http://www.mckayne.com,,11-50 employees
Krayon Pictures,https://www.linkedin.com/company/krayon-pictures/,http://www.krayonpictures.com,,51-200 employees
PulsePlay Digital Private Limited,https://www.linkedin.com/company/pulseplaydigital/,https://www.pulseplaydigital.com,+919175100108,2-10 employees
sanraa media ltd,https://www.linkedin.com/company/sanraa-media-ltd/,http://www.sanraamedia.com,,"501-1,000 employees"
,https://www.linkedin.com/company/picasso-international-animation-college---india/,http://lucknowpicasso.com,,
Qrius (formerly The Indian Economist),https://www.linkedin.com/company/theqrius/,http://qrius.com/creativelabs,9873878330,51-200 employees
Designmate India Pvt Ltd,https://www.linkedin.com/company/designmate-india-pvt-ltd/,http://www.designmate.com,,201-500 employees
Doomshell Software Pvt Ltd,https://www.linkedin.com/company/doomshell-software-pvt-ltd/,http://www.doomshell.com,,11-50 employees
"Institute for Fashion Design,Interior Design,Hotel Management,Animation vfx in Bhubaneswar,Odisha",https://www.linkedin.com/company/trytoon-academy/,https://trytoonacademy.com,9437000960,
Assemblage Entertainment,https://www.linkedin.com/company/assemblage-entertainment/,http://www.madassemblage.com,,201-500 employees
Incredible Visibility,https://www.linkedin.com/company/incredible-visibility/,http://incrediblevisibility.com/,,51-200 employees
QuicSolv Technologies Pvt. Ltd.,https://www.linkedin.com/company/quicsolv/,http://www.quicsolv.com,,51-200 employees
Conceptual Pictures Worldwide Pvt. Ltd.,https://www.linkedin.com/company/conceptual-media-solutions/,http://www.conceptualpictures.com,,51-200 employees
Classic Animation Studio,https://www.linkedin.com/company/classic-animation-studio/,http://www.classicanimationstudio.com,,11-50 employees
Reliance Animation- BIG AIMS (ADA Group),https://www.linkedin.com/company/reliance-animation--big-aims-ada-group-/,http://www.relianceanimation.com,,
Dimerse India,https://www.linkedin.com/company/dimerse-integrated-brand-experience-agency/,http://www.dimerse.com,8850288101,11-50 employees
PromotEdge,https://www.linkedin.com/company/promotedge/,http://www.promotedge.com,,11-50 employees
TedrooX Technologies,https://www.linkedin.com/company/tedroox-technologies/,http://www.tedroox.com,+91 63664 67775,51-200 employees
RDS Digital,https://www.linkedin.com/company/rdsdigital/,https://rdsdigital.in/,+91-9742148406,11-50 employees
Gill Media Studio,https://www.linkedin.com/company/gillmediastudio/,http://www.gillmediastudio.com,,11-50 employees
MangoData,https://www.linkedin.com/company/mango-data/,http://www.mangodata.co,,11-50 employees
SKG Animation,https://www.linkedin.com/company/skg-animation/,http://www.skganimation.com,,2-10 employees
izmo ltd,https://www.linkedin.com/company/izmo-ltd/,http://www.izmoltd.com,,201-500 employees
Powerweave,https://www.linkedin.com/company/powerweave/,http://www.powerweave.com,,"1,001-5,000 employees"
Annapurna College of Film and Media,https://www.linkedin.com/company/annapurna-international-school-of-film-and-media/,https://acfm.edu.in/,1800-572-4736,51-200 employees
Artificial Machines,https://www.linkedin.com/company/artificial-machines/,http://www.artificialmachines.com,,51-200 employees
Arena Animation Barrackpore,https://www.linkedin.com/company/arena-animation-barrackpore/,https://www.arenabkp.com/,8240082257,11-50 employees
Inventor Heads Animation Studios,https://www.linkedin.com/company/inventorheads/,http://www.inventorheads.com,,11-50 employees
Shemaroo Entertainment Ltd.,https://www.linkedin.com/company/shemaroo-entertainment-ltd-/,http://www.shemarooent.com/,,"501-1,000 employees"
Pencillati Studios,https://www.linkedin.com/company/pencillati/,http://pencillati.com,,51-200 employees
One Source,https://www.linkedin.com/company/osconsult/,https://www.one-source.co.in/,+919769079273,11-50 employees
Techvoot Solutions,https://www.linkedin.com/company/techvoot-solutions/,http://www.techvoot.com,,11-50 employees
Dream Engine Animation Studio,https://www.linkedin.com/company/dreamenginestudiollp/,https://www.dreamengine.in/,9967533844,11-50 employees
Viizon Box - 2D &amp; 3D Animation Studio,https://www.linkedin.com/company/viizonbox/,https://www.viizonbox.com/,+91 981 1411 085,11-50 employees
Animation Boss,https://www.linkedin.com/company/animation-boss/,http://www.animationboss.net,,11-50 employees
Matrix Media Solutions (P) Ltd,https://www.linkedin.com/company/matrix-media-solutions-p-ltd/,http://www.matrixnmedia.com/,,51-200 employees
AAJ Media Productions,https://www.linkedin.com/company/aajmediaproductions/,https://www.aajmediaproductions.com,9930810225,2-10 employees
TeksMobile,https://www.linkedin.com/company/teksmobile/,http://www.teks.co.in,,51-200 employees
ARENA ANIMATION VIMAN NAGAR PUNE,https://www.linkedin.com/company/arena-animation-viman-nagar-pune/,http://www.arenaanimationpune.in,,11-50 employees
Exposure Animation Studios,https://www.linkedin.com/company/exposure-animation-studios/,http://www.exposureanimation.com,,
BEAUTO SYSTEMS,https://www.linkedin.com/company/beautosys/,http://www.beautosys.com,,51-200 employees
Pixelfox,https://www.linkedin.com/company/pixel-fox-studios/,http://pixelfoxstudios.com/portfolio,9930401075,11-50 employees
"Arena Animation,Siliguri",https://www.linkedin.com/company/arena-animation-siliguri/,http://www.arenaslg.com,9800095111,11-50 employees
Blink,https://www.linkedin.com/company/blink-la/,http://blink.la,,51-200 employees
Shefali Animation Studio ,https://www.linkedin.com/company/shefali-nagdev/,http://www.shefalinagdev.com,9970762940,2-10 employees
FREEBIRD ANIMATION Pvt. Ltd.,https://www.linkedin.com/company/freebird-animation-studio/,http://www.freebirdanimation.com,,11-50 employees
All Star Games (Deftouch),https://www.linkedin.com/company/allstargames/,http://www.deftouch.co,,11-50 employees
Vidya Jyoti Educational Society,https://www.linkedin.com/company/vidya-jyoti-eduversity/,http://www.vjes.org,9779903055,51-200 employees
RTG ANIMATE AND ANIMATION ACADEMY,https://www.linkedin.com/company/rtg-animate-and-animation-academy/,http://www.rtga.in,,201-500 employees
SVFX Animation Studio LLP,https://www.linkedin.com/company/svfx/,http://www.svfx.in,+91 9158211090,11-50 employees
 Maac Kolkata ( Maac Animation Kolkata),https://www.linkedin.com/company/maackolkata/,https://www.animationkolkata.com/,9836321595,
Hi-Tech Animation Shyambazar,https://www.linkedin.com/company/hitech-shyambazar/,https://www.hitechanimationshyambazar.com/,9738949494,11-50 employees
Tau Films,https://www.linkedin.com/company/tau-films/,https://taufilms.com/,,11-50 employees
(RAECES)Renu animation expert computer education society ,https://www.linkedin.com/company/raeces/,http://www.raeces.org,7309880077,11-50 employees
3D Power Visualization,https://www.linkedin.com/company/3d-power-visualization-pvt-ltd-/,http://www.3dpower.in,+91 - 9372032805,11-50 employees
Green Gold Animation Pvt Ltd,https://www.linkedin.com/company/green-gold-animation-pvt-ltd/,http://www.greengold.tv,,201-500 employees
National Film Development Corporation (NFDC),https://www.linkedin.com/company/nfdcindia/,https://www.nfdcindia.com/,,201-500 employees
Prabhu Studio,https://www.linkedin.com/company/prabhu-studio/,https://www.prabhustudio.com,,2-10 employees
Pansworld Television India Pvt Ltd,https://www.linkedin.com/company/pansworld-television-india-pvt-ltd/,https://www.pansworld.com,7738041618,11-50 employees
CG ASTRA School of 3D Animation and VFx,https://www.linkedin.com/company/cg-astra/,http://www.cgastra.com,,2-10 employees
Curveia Medical Animation,https://www.linkedin.com/company/curveia-medical-animation/,http://www.curveiamedical.com,,2-10 employees
Animation Gate,https://www.linkedin.com/company/animation-gate/,http://animationgate.com,+91 8800359160,2-10 employees
Design Foundry India,https://www.linkedin.com/company/design-foundry-india/,http://designfoundry.co.in,+91 9946937871,11-50 employees
Stereo D,https://www.linkedin.com/company/stereo-d/,http://www.stereodllc.com,,"1,001-5,000 employees"
CG Curves Animation Studio,https://www.linkedin.com/company/cg-curves-animation-studio/,http://www.cgcurves.com,,11-50 employees
MINTE Studios,https://www.linkedin.com/company/minte/,http://www.minte.co,,51-200 employees
RD Animation Studio,https://www.linkedin.com/company/rithvik-design/,https://rithvikdesign.com/,+91 8886567801,2-10 employees
Webel DQE Animation Academy,https://www.linkedin.com/company/webel-dqe-animation-academy---india/,http://www.webeldqeanimationacademy.in/,033 23674871,51-200 employees
Kreiva Interactive ,https://www.linkedin.com/company/kreivainteractive/,http://www.getkreiva.com,9082086603,11-50 employees
Startbit IT Solutions Pvt. Ltd.,https://www.linkedin.com/company/startbititsolutions/,https://www.startbitsolutions.com/,+91-141-2440803,51-200 employees
virtualinfocom,https://www.linkedin.com/company/virtualinfocom/,https://www.virtualinfocom.com,,201-500 employees
iSqware The 3D Animation Studio,https://www.linkedin.com/company/isqware-the-3d-animation-studio/,,,11-50 employees
Broadcast2World,https://www.linkedin.com/company/broadcast2world/,https://b2w.tv,18005712725,51-200 employees
Damngud Design Agency,https://www.linkedin.com/company/damngud-design-studio/,http://www.damngud.com,+91 9741296455,11-50 employees
,https://www.linkedin.com/company/vary-animation-studio/,,,2-10 employees
Planetsurf Creations,https://www.linkedin.com/company/planetsurf-creations/,http://www.planetsurfcreations.com,,11-50 employees
ReDefine,https://www.linkedin.com/company/thisisredefine/,http://redefine.co,,"1,001-5,000 employees"
Supreme Animation Pvt Ltd,https://www.linkedin.com/company/supreme-animation-pvt-ltd/,https://www.supremeanimation.com,9988966688,11-50 employees
Arena Animation Kukatpally,https://www.linkedin.com/company/arena-animation-kukatpally/,http://www.arenamultimediahyderabad.com/,99511 14007,51-200 employees
Perspective View Animation Studio,https://www.linkedin.com/company/perspective-view-animation-studio/,,+91 9130670654,11-50 employees
Saisons Global Consultancy,https://www.linkedin.com/company/saisonsglobalconsultancy/,http://www.saisonsglobalconsultancy.com,6377566350,2-10 employees
Lakshya Digital,https://www.linkedin.com/company/lakshya-digital/,http://www.lakshyadigital.com,,"501-1,000 employees"
Brandfarer Studios,https://www.linkedin.com/company/brandfarer/,http://www.brandfarer.com,,11-50 employees
Pixelloid Studios,https://www.linkedin.com/company/pixelloid-studios-private-limited/,http://www.pixelloid.com/,,51-200 employees
Chittlesoft Solutions Pvt. Ltd.,https://www.linkedin.com/company/chittlesoft/,http://www.chittlesoft.com,,11-50 employees
Cavalier Animation,https://www.linkedin.com/company/cavalier-animation/,http://www.cavalieranimation.com,,11-50 employees
Animation Focuz,https://www.linkedin.com/company/animation-focuz/,,,2-10 employees
Rocksalt Interactive Games Pvt Ltd.,https://www.linkedin.com/company/rocksalt-interactive-games-pvt-ltd-467758147/,http://www.rocksaltinteractive.com,,51-200 employees
MicroObjects Pvt.Ltd,https://www.linkedin.com/company/microobjects-pvt-ltd/,http://www.microobjects.in/,,201-500 employees
White Elephant Tech,https://www.linkedin.com/company/white-elephant-tech/,http://whiteelephanttech.com,8982922365,11-50 employees
Regh Animation Studio,https://www.linkedin.com/company/regh-animation-studio/,http://www.regh.co.in,,11-50 employees
Aniguru Animation Limited,https://www.linkedin.com/company/aniguru-animation-ltd/,http://www.aniguru.com,,51-200 employees
Nextwave Multimedia,https://www.linkedin.com/company/nextwave-multimedia/,http://www.nextwavemultimedia.com,,51-200 employees
Cinimage Studios Private Limited,https://www.linkedin.com/company/cinimage-advertising/,http://www.cinimage.org/,,11-50 employees
Kapila Animation Studios Pvt Ltd,https://www.linkedin.com/company/kapila-animation-studios-pvt-ltd/,http://www.anibyte.net,,11-50 employees
Brand Aid Pvt. Ltd.,https://www.linkedin.com/company/brand-aid-pvt-ltd-/,http://www.brandaid.in,+91 9574830008,51-200 employees
INK IN CAPS,https://www.linkedin.com/company/ink-in-caps/,https://home.iiclab.com/,,201-500 employees
Ajax VFX - 3D Animation &amp; Visual and Sound Effects,https://www.linkedin.com/company/ajax-vfx/,http://www.ajaxvfx.com,,51-200 employees
XLPro E-Learning,https://www.linkedin.com/company/xlpro-elearning/,http://www.playxlpro.com,080-41144661,51-200 employees
,https://www.linkedin.com/company/maximus-school-of-3d-animation-and-visual-effects_2/,,,11-50 employees
Bigwig Animation Studios,https://www.linkedin.com/company/bigwig-animation-studios/,http://www.bigwiganimationstudios.com,,11-50 employees
Royal Animation Studio,https://www.linkedin.com/company/royalanimationstudio/,http://www.royalanimationstudio.com,,2-10 employees
3D Animation - Entertainment Division,https://www.linkedin.com/company/3d-animation---entertainment-division/,http://www.irealities.com/entertainment.html,,
Everonn Education Limited,https://www.linkedin.com/company/everonn-education-limited/,http://www.everonn.com,,"5,001-10,000 employees"
MIT Institute of Design,https://www.linkedin.com/company/mit-institute-of-design-pune-india/,http://www.mitid.edu.in,,51-200 employees
Starblast Animation,https://www.linkedin.com/company/starblast-animation/,https://www.starblastanimation.com/,+917044456667,11-50 employees
DQ Entertainment,https://www.linkedin.com/company/dq-entertainment/,https://www.dqentertainment.com,,"1,001-5,000 employees"
MAP Systems,https://www.linkedin.com/company/mapsystemsindia/,https://mapsystemsindia.com/,,201-500 employees
Wayu Digital  Studio,https://www.linkedin.com/company/wayudigital/,https://www.wayudigital.com/,,2-10 employees
Rubika,https://www.linkedin.com/company/rubika/,https://rubika-edu.com,+33 (0)3 27 513 310,51-200 employees
Artha Animation,https://www.linkedin.com/company/artha-studios/,http://www.arthaanimation.com/,,11-50 employees
Basking Lions Animation Pvt. Ltd,https://www.linkedin.com/company/basking-lions-animation-pvt.-ltd/,http://www.laughinglion.in,,51-200 employees
Kathputlee Arts and Films,https://www.linkedin.com/company/kathputlee-animation-studios/,http://www.kathputlee.in,,11-50 employees
Next Education India Pvt Ltd,https://www.linkedin.com/company/next-education-india-pvt-ltd/,http://www.nexteducation.in,040 3094 9422,"1,001-5,000 employees"
,https://www.linkedin.com/company/rhythm-&amp;-hues/,,,
Talentela,https://www.linkedin.com/company/talentela/,http://www.talentela.com,9833969504,11-50 employees
MIT ANIMATION &amp; VFX ACADEMY,https://www.linkedin.com/company/mit-animation-vfx-academy/,https://www.animationinindia.com/,9803010801,11-50 employees
Innovative Animation,https://www.linkedin.com/company/innovative-animation/,http://www.inane.in,,51-200 employees
TalentXO (previously CrewKarma),https://www.linkedin.com/company/talentxo/,http://www.talentxo.com,,11-50 employees
Bode Animation,https://www.linkedin.com/company/bode-animation/,http://www.bodeanimation.com,8220042780,51-200 employees
Augurs Technologies Pvt. Ltd.,https://www.linkedin.com/company/augurs-technologies/,https://www.augurs.in,+915224013221,51-200 employees
Toonz Media Group,https://www.linkedin.com/company/1281097/,http://www.toonz.co,,201-500 employees
IDEA (Innovative Design Engineering Animation) Pvt Ltd,https://www.linkedin.com/company/idea-innovative-design-engineering-animation-pvt-ltd/,http://www.ideaproductdesign.com/corp,,51-200 employees
Bubble Creations Digital Studios Pvt. Ltd.,https://www.linkedin.com/company/bubble-creations-digital-studios-pvt-ltd-/,http://www.bubblecreations.com,,51-200 employees
Frameboxx Animation &amp; Visual Effects Pvt Ltd,https://www.linkedin.com/company/frameboxx/,http://www.frameboxx.in,+91 8779698938,51-200 employees
Gitson Design &amp; Animation,https://www.linkedin.com/company/gitson-design-animation/,https://www.behance.net/giteshsoni48f3,7011144721,
Yantram Animation Studio,https://www.linkedin.com/company/yantram-animation-studio/,http://www.yantramstudio.com,+1-408-705-2225,11-50 employees
Zcyphher ,https://www.linkedin.com/company/zcyphher-studios/,http://www.zcyphher.com,+91 7021920294,11-50 employees
Seamedu School of Pro-Expressionism,https://www.linkedin.com/company/seamless-education-academy/,https://www.seamedu.com,,51-200 employees
"Mumbai Educational Trust, MET League of Colleges",https://www.linkedin.com/company/metedu/,http://www.met.edu,02226440446,201-500 employees
eColor Animation Studio,https://www.linkedin.com/company/ecolor-animation-studio/,http://www.ecolorstudio.com,,11-50 employees
DreamZone School of Creative Studies,https://www.linkedin.com/company/dreamzone/,http://www.dreamzone.co.in,(91 44) 4596 6149,201-500 employees
Luminescent Digital,https://www.linkedin.com/company/luminescent/,http://www.luminescent.digital,,51-200 employees
Famulus Media &amp; Entertainment ,https://www.linkedin.com/company/famulus-media-entertainment-llp/,https://www.famulusmedia.com/,,51-200 employees
iPrism Technologies,https://www.linkedin.com/company/iprism-technologies/,http://www.iprismtech.com,,51-200 employees
DGS Technical Services Inc.,https://www.linkedin.com/company/dgs-technical-services-inc-/,http://www.dgsts.com,+16305398200,"1,001-5,000 employees"
Reliance Entertainment,https://www.linkedin.com/company/reliance-entertainment/,http://www.relianceentertainment.com/,,"501-1,000 employees"
Whoa Mama,https://www.linkedin.com/company/whoa-mama/,http://www.whoamama.com,,11-50 employees
Mynah Animation,https://www.linkedin.com/company/mynah/,http://www.mynahanimation.com,,
Maieutic Consultant Pvt Ltd,https://www.linkedin.com/company/maieuticconsultant/,http://www.maieutic.co.in,9663727955,2-10 employees
"IDC School of Design, IIT Bombay",https://www.linkedin.com/company/idciitbombay/,http://www.idc.iitb.ac.in/,,11-50 employees
Apni Kaksha,https://www.linkedin.com/company/apni-kaksha/,https://www.youtube.com/channel/UCF7BExjT2zH_mmyqOB139Dg,,11-50 employees
Knack Studios,https://www.linkedin.com/company/knackstudiosind/,http://www.knackstudios.in,,51-200 employees
Hari Learning,https://www.linkedin.com/company/hari-learning/,http://www.harilearning.com,+91 9909400997,2-10 employees
Crest Animation Studios,https://www.linkedin.com/company/crest-animation-studios/,http://www.crestindia.com,,"501-1,000 employees"
Film and Television Institute of India,https://www.linkedin.com/company/film-and-television-institute-of-india/,http://www.ftiindia.com,,201-500 employees
DSK International Campus,https://www.linkedin.com/company/dsk-isd-international-school-of-design/,http://www.dskic.in,,201-500 employees
Kayra Animation Pvt. Ltd. ,https://www.linkedin.com/company/kayraanimations/,http://kayraanimation.com,9179831131,11-50 employees
GelaroGrace Studio,https://www.linkedin.com/company/gelarograce-studio-llp/,https://www.gelarogracestudio.com/,+91 120 457 9473,51-200 employees
Custard Apple Animation Pvt. Ltd.,https://www.linkedin.com/company/custard-apple-animation-pvt-ltd/,http://www.custardappleanimation.com,7387333896,11-50 employees
Magicbox Animation Private Limited,https://www.linkedin.com/company/magicboxanimation/,http://www.magicbox.co.in,,11-50 employees
Graphic India,https://www.linkedin.com/company/graphic-india/,http://www.graphicindia.com,,11-50 employees
SR Visual Magics,https://www.linkedin.com/company/sr-visual-magics/,https://www.facebook.com/SRVisualMagics,,11-50 employees
Katerra Design,https://www.linkedin.com/company/kgd-architecture/,http://www.katerra.com,,201-500 employees
Legend,https://www.linkedin.com/company/legendvfx/,http://www.legendvfx.com,,"1,001-5,000 employees"
AUM Animation Studios Pvt. Ltd.,https://www.linkedin.com/company/aum-animation-studios-pvt.-ltd/,http://www.aumanimation.com,,11-50 employees
JS Digikirti Animation Pvt. Ltd.,https://www.linkedin.com/company/js-digikirti-animation-pvt-ltd-/,http://www.jsdigikirti.com,,11-50 employees
Emprise Productions Pvt Ltd.,https://www.linkedin.com/company/video-tailor/,http://www.videotailor.com,+919999180725,2-10 employees
STUDIO EEKSAURUS PRODUCTIONS PVT. LTD.,https://www.linkedin.com/company/studio-eeksaurus-productions-pvt.-ltd./,http://www.studioeeksaurus.com,+912261273376,11-50 employees
Best Animation Studios,https://www.linkedin.com/company/bestanimationstudios/,https://www.bestanimationstudios.com/,,11-50 employees
Ikarus 3D,https://www.linkedin.com/company/ikarus3d/,http://www.ikarus3d.com,+91 99 88 49 2123,11-50 employees
Moving Picture Company,https://www.linkedin.com/company/moving-picture-company/,http://www.moving-picture.com,,"1,001-5,000 employees"
WisePuppet Animation,https://www.linkedin.com/company/wisepuppet/,http://wisepuppet.com,,11-50 employees
Pixel D Post Pvt. Ltd. (Pixel Digital Studios) ,https://www.linkedin.com/company/pixel-d-studios/,http://www.pixeldstudios.com,,51-200 employees
2D-3D Animation,https://www.linkedin.com/company/2d-3d-animation-movies/,https://www.toolbox-studio.com/services/animation/,,
webdew,https://www.linkedin.com/company/webdewltd/,http://www.webdew.com,+918814888844,11-50 employees
Animation Saints,https://www.linkedin.com/company/animation-saints/,http://animationsaints.in,,
Focus Animation Studio,https://www.linkedin.com/company/focus-animation-studio/,http://www.focusanimationstudio.in,919654560038,11-50 employees
Double X Studios,https://www.linkedin.com/company/double-x-studios/,http://www.doublexstudios.in,,11-50 employees
Cosmos Animation Academy,https://www.linkedin.com/company/cosmos-animation-academy/,https://cosmosanimationacademy.com,9167680177,
iGenero Web Solutions Private Limited,https://www.linkedin.com/company/igenero-web-solutions-pvt-ltd/,https://www.igenero.com,+91- 8886994476,201-500 employees
,https://www.linkedin.com/company/times-&amp;-trends-academy/,,,
Jain Animation School,https://www.linkedin.com/company/jain-animation-school/,http://www.jainanimation.in,,2-10 employees
Refixd.com,https://www.linkedin.com/company/refixd-com/,https://refixd.com/,7619118733,51-200 employees
"Toonz Academy - Animation, Gaming, Visual Effects &amp; Designing Courses in Kerala",https://www.linkedin.com/company/toonz-academy-animation-gaming-visual-effects-designing-courses-in-kerala/,http://www.toonzacademy.com,,201-500 employees
iCastX Technologies Pvt Ltd,https://www.linkedin.com/company/icastx-technologies-pvt-ltd/,http://www.icastx.com,,201-500 employees
Vedarth Animation Studio Pvt Ltd,https://www.linkedin.com/company/vedarth-animation-studio-pvt-ltd/,http://www.vedarthanimation.com,,2-10 employees
Digital District™,https://www.linkedin.com/company/digital-district/,http://www.digital-district.fr,+33 1 42 44 00 82,51-200 employees
361 Degrees,https://www.linkedin.com/company/361-degrees_design/,http://361degreesdesign.com/,9830062600,11-50 employees
Kindlebit Solutions Pvt. Ltd.,https://www.linkedin.com/company/kindlebit-solutions/,http://www.kindlebit.com,91 1724026970,201-500 employees
Expedify,https://www.linkedin.com/company/expedify/,https://www.expedify.io,,11-50 employees
Animatzione Animation Studio,https://www.linkedin.com/company/animatzione-animation-studio/,http://www.animatzione.in,,51-200 employees
CHANDIGARH UNIVERSITY,https://www.linkedin.com/company/chandigarh-university/,https://www.cuchd.in,,"10,001+ employees"
DigiBrood,https://www.linkedin.com/company/digibrood/,https://digibrood.in/,8777571887,51-200 employees
Coreglobal IT,https://www.linkedin.com/company/coreglobalit/,http://www.coreglobalit.com,+91 810 658 9909,11-50 employees
DNEG,https://www.linkedin.com/company/dnegvfx/,http://www.dneg.com,,"1,001-5,000 employees"
TIME FILMS LLP ,https://www.linkedin.com/company/time-films-llp/,http://www.timefilms.in,,11-50 employees
Digitoonz Media &amp; Entertainment LLC,https://www.linkedin.com/company/digitoonzindia/,http://www.digitoonz.com,+911204107048,201-500 employees
PrimeX Animation Studios Pvt Ltd,https://www.linkedin.com/company/pxstudios-pvt-ltd/,http://www.primexanimationstudios.com,+91 8714209390,11-50 employees
"TVAGA (Telangana, VFX, Animation and Gaming Association",https://www.linkedin.com/company/tvaga-telangana-vfx-animation-and-gaming-association/,http://tvaga.org/,,
World University of Design,https://www.linkedin.com/company/world-university-of-design/,http://worlduniversityofdesign.ac.in,,"501-1,000 employees"
Visual Birds Animation Studio,https://www.linkedin.com/company/visual-birds/,http://visualbirds.com/,,2-10 employees
PEP Animation Studios,https://www.linkedin.com/company/pep-animation-studios/,https://www.pepanimation.com/,+91 9457615675,11-50 employees
DigiGrowHub,https://www.linkedin.com/company/digi-grow-hub/,http://www.digigrowhub.in,86 4191 4191,201-500 employees
Arena Animation,https://www.linkedin.com/company/arenaanimationdelhi/,http://www.arenadelhi.com/,9811398844,201-500 employees
IQ animation Studio,https://www.linkedin.com/company/studioiq/,https://studioiq.in,9819220025,11-50 employees
Dreamz Animation,https://www.linkedin.com/company/dreamz-animation/,http://www.dreamzanimation.com,,51-200 employees
Morphic Graphic Design and Animation Studio,https://www.linkedin.com/company/morphic-graphic-design-and-animation-studio/,http://morphic-studio.business.site/,7874850783,
DAVZON PVT LTD,https://www.linkedin.com/company/davzon/,https://www.davzon.com,9860120853,51-200 employees
A Little Anarky Films,https://www.linkedin.com/company/a-little-anarky-films/,http://www.littleanarky.com,,11-50 employees
Gurukul Digital Arts And Animation Studio,https://www.linkedin.com/company/gurukul-digital-arts-and-animation-studio/,http://www.gurukulindia.net/,,2-10 employees
Paprikaas Animation Studios,https://www.linkedin.com/company/paprikaas-animation-studios/,,,201-500 employees
,https://www.linkedin.com/company/x-gen-animation-studio/,http://www.xgenanimation.com,,11-50 employees
Dream 4D Animation,https://www.linkedin.com/company/dream-4d-animation/,http://www.dream4danimation.com,,11-50 employees
Dramantram,https://www.linkedin.com/company/dramantram/,http://www.dramantram.com,9599571599,11-50 employees
CIOs of India,https://www.linkedin.com/company/cios-of-india/,http://www.ciosofindia.com,,
Vee Technologies,https://www.linkedin.com/company/vee-technologies/,http://www.veetechnologies.com,1 (646) 837-0837,"1,001-5,000 employees"
LUMIUM,https://www.linkedin.com/company/lumium/,http://www.lumium.com,,51-200 employees
The Rabbit Hole,https://www.linkedin.com/company/therabbitholeagency/,https://www.zoomedia.in/,022 6606 5555,11-50 employees
Bifrost Studios Pvt. Ltd.,https://www.linkedin.com/company/bifroststudios/,http://www.studiosbifrost.com,,11-50 employees
Zebu Animation Studios,https://www.linkedin.com/company/zebu-animation-studios/,http://www.zebuanimation.com,,51-200 employees
VIT_Animation,https://www.linkedin.com/company/vit-animation/,,,11-50 employees
Sankul Design,https://www.linkedin.com/company/sankuldesign/,https://www.sankuldesign.com/,+919881094421,2-10 employees
DREAM SPOT ANIMATION,https://www.linkedin.com/company/dream-spot-animation/,,8447057533,
Scientific Animations,https://www.linkedin.com/company/scientific-animations/,https://www.scientificanimations.com,+19736382027,11-50 employees
EKAA ANIMATION STUDIOS PVT LTD,https://www.linkedin.com/company/ekaa-animation-studios-pvt-ltd/,http://www.ekaastudios.com/,,11-50 employees
Zoetrope Animation Studios LLP.,https://www.linkedin.com/company/zoetrope-animation-studios-pvt-ltd-/,http://www.zoetropestudios.in,9775518000,11-50 employees
"Arena Animation Geeta Bhawan Square, Indore",https://www.linkedin.com/company/arena-animation-geeta-bhawan-square-indore/,http://www.arenagbs.com,,11-50 employees
TOON CLUB,https://www.linkedin.com/company/toon-club/,http://www.toonclub.net,+919702111102,11-50 employees
Prime Focus World,https://www.linkedin.com/company/prime-focus/,http://www.primefocusworld.com,,"1,001-5,000 employees"
RedGod Studios,https://www.linkedin.com/company/redgodstudios/,http://www.redgodstudios.com,+91 (0)497 296 3917,11-50 employees
Animonks Animation Pvt. Ltd.,https://www.linkedin.com/company/animonks-animation-pvt-ltd-/,http://www.animonks.com,,11-50 employees
e.Soft Technologies Ltd.,https://www.linkedin.com/company/e-soft-technologies-ltd-/,http://www.esoftech.com/,+91-22-49727454,201-500 employees
Irusu Technologies Pvt Ltd,https://www.linkedin.com/company/irusu-technologies/,https://irusu.co.in/,8448444129,2-10 employees
Maya Academy of Advanced Cinematics,https://www.linkedin.com/company/maya-academy-of-advanced-cinematics/,http://maacchandigarh.com/,,51-200 employees
EGLLU ANIMATION ACADEMY,https://www.linkedin.com/company/egllu-animation-academy/,,,11-50 employees
Ecole intuit.lab,https://www.linkedin.com/company/intuitlab/,https://ecole-intuit-lab.com,00.33.(0)1.43.57.07.75,51-200 employees
Menstrupedia,https://www.linkedin.com/company/menstrupedia/,http://menstrupedia.com/,8000096608,2-10 employees
Vyga Animation,https://www.linkedin.com/company/vyga-animation/,http://www.vygaanimation.com,,51-200 employees
iRealities,https://www.linkedin.com/company/755152/,http://www.irealities.com,,51-200 employees
HopMotion Animation ,https://www.linkedin.com/company/hopmotion-pvt-ltd-/,http://www.hopmotion.com,,51-200 employees
Digit Bazar IT Solutions (OPC) Pvt. Ltd.,https://www.linkedin.com/company/digit-bazar/,http://www.digitbazar.com,+1 3237447044,11-50 employees
RPM VFX STUDIOS,https://www.linkedin.com/company/rpm-vfx-studios-chennai/,http://lemonad.in/rpmvfx/index.php,9962730005,51-200 employees
iThree Infotech Pvt. Ltd.,https://www.linkedin.com/company/ithree-infotech-pvt.-ltd./,http://www.i3indya.com,,11-50 employees
Trivone Digital Services,https://www.linkedin.com/company/trivone-digital-services-pvt--ltd/,http://www.trivone.com,,51-200 employees
Dumadu Games Pvt Ltd,https://www.linkedin.com/company/dumadu-games-pvt-ltd/,http://www.dumadu.com,,51-200 employees
JachOOs®,https://www.linkedin.com/company/jachoos/,http://www.jachoos.com,,11-50 employees
AuthentiCode,https://www.linkedin.com/company/authenticode/,,,11-50 employees
,https://www.linkedin.com/company/shambharik-animation-studio-pvt-ltd/,http://www.shambharik.com,,11-50 employees
Focus Edumatics Pvt Ltd,https://www.linkedin.com/company/focus-edumatics-pvt-ltd/,http://www.focusedumatics.com,,"501-1,000 employees"
Kraft Creation 3D animation Studio and Digital Film Production House,https://www.linkedin.com/company/kraft-creation/,http://www.kraftcreation.com,9229117622,11-50 employees
Lil Elephant Animation Studios Pvt Ltd,https://www.linkedin.com/company/lil-elephant-animation-studios-pvt-ltd/,http://www.lilelephantstudios.com/aboutus.php,8136962726,11-50 employees
Famous Studios,https://www.linkedin.com/company/famous-studios/,http://www.famousstudios.com,,201-500 employees
,https://www.linkedin.com/company/reliance-big-music-&amp;-home-entertainment/,,,
Freelancer | The branding visualizer and graphic/web designer | Video editor/Animation,https://www.linkedin.com/company/freelancer-deepika/,,8858843485,0-1 employees
B18 Animation Studio,https://www.linkedin.com/company/b18-animation-studio/,http://www.b18animationstudio.com,9820218120,2-10 employees
,https://www.linkedin.com/company/aniframes---school-of-animation-&amp;-vfx/,,,
keyframe Animation Studio,https://www.linkedin.com/company/keyframe-animation-studio/,http://www.keyframeanimationstudio.com/,,11-50 employees
Tactilesense Technologies Pvt. Ltd. (T&amp;S),https://www.linkedin.com/company/touch-and-sense/,http://www.touchandsense.com,,11-50 employees
WaferWire Cloud Technologies,https://www.linkedin.com/company/waferwire/,https://waferwire.com,(+1) 206 792 9930,51-200 employees
Art Attack Animation,https://www.linkedin.com/company/artattackanimation/,http://www.artattackanimation.com,+91 9910196744,2-10 employees
Hiray SofTech Pvt Ltd,https://www.linkedin.com/company/hiray-softech-pvt-ltd/,http://www.hsoftech.com,,11-50 employees
2D-Animation-Services,https://www.linkedin.com/company/2d-animation-services/,https://mapsystemsindia.com/digital-graphics-services/2d-animation-services.html,,
Element Tree,https://www.linkedin.com/company/element-tree/,https://www.elementree.co.in,,2-10 employees
Association of Designers of India,https://www.linkedin.com/company/associationofdesignersofindia/,http://adi.org.in/,,"501-1,000 employees"
Virtual Building Studio,https://www.linkedin.com/company/virtual-building-studio/,https://www.virtualbuildingstudio.com/,+1-6467129324,51-200 employees
NettCode,https://www.linkedin.com/company/nettcode/,https://nettcode.com/,,
KARCO,https://www.linkedin.com/company/karco/,http://www.karco.in,022 2832 2301,51-200 employees
"Naughty Frames Pvt Ltd, VFX , Animation and Game Production Studio",https://www.linkedin.com/company/naughty-frames-studios/,http://www.naughtyframes.com/projects.html,9940141951,11-50 employees
Omigosh Animation Studio,https://www.linkedin.com/company/omigosh-animation-studio/,http://www.omigosh-animation.com,,11-50 employees
Arena Animation - Delhi,https://www.linkedin.com/company/arena-animation-malviya-nagar/,https://arenaanimationdelhi.com/,011-40666500,11-50 employees
Native Puppets - Online Animation Training,https://www.linkedin.com/company/native-puppets---online-animation-training/,http://www.nativepuppets.com,,2-10 employees
Arena Animation Jayanagar Bangalore,https://www.linkedin.com/company/arena-animation-jayanagar-bangalore/,http://arenajayanagar.com,,11-50 employees
DigitalBeej,https://www.linkedin.com/company/digitalbeej/,http://www.digitalbeej.com,9930898256,11-50 employees
"The Virtual Assist (Animation and VFX: Jobs, Resources, News, Marketing, PR, Virtual Reality)",https://www.linkedin.com/company/the-virtual-assist/,https://thevirtualassist.net/,+919987502251,2-10 employees
,https://www.linkedin.com/company/the-cheesy-animation---india/,http://2danimation-services.com,,
,https://www.linkedin.com/company/redwing-vfx-&amp;-animation-studios-india-pvt.ltd./,,,
MoonWorks Animation,https://www.linkedin.com/company/moonworks-animation/,http://www.moonworksanimation.com/,,11-50 employees
Gameshastra,https://www.linkedin.com/company/gameshastra/,http://www.gameshastra.com,,201-500 employees
Sparky Animation,https://www.linkedin.com/company/sparky-animation/,http://www.sparkyanim.com,6281 0310,51-200 employees
Sean Animation Studios,https://www.linkedin.com/company/sean-animation-studios/,http://www.seansoft.com,,
Aaraa Animation Studio - India,https://www.linkedin.com/company/aaraa-animation-studio---india/,http://aaraa.in,,11-50 employees
Morph Institute of Design and Animation,https://www.linkedin.com/company/morph-institute-of-design-and-animation/,http://www.morph.org.in,,
Merkur Gaming India Pvt. Ltd,https://www.linkedin.com/company/merkur-gaming-india-pvt.-ltd./,http://www.gauselmann.de/index-2.html,,201-500 employees
,https://www.linkedin.com/company/asian-institute-of-gaming-&amp;-animation/,,,
Management and Science University,https://www.linkedin.com/company/msumalaysia/,https://www.msu.edu.my,,"1,001-5,000 employees"
Shadowws,https://www.linkedin.com/company/shadowws/,http://shadowws.com,,51-200 employees
Skyscraper Solutions,https://www.linkedin.com/company/skyscraper-solutions/,http://skyscrapersolution.com/,+91-9304861384,11-50 employees
Hirsolk,https://www.linkedin.com/company/hirsolk/,,,2-10 employees
Creation Multimedia  Animation &amp; VFX,https://www.linkedin.com/company/creation-multimedia-animation-vfx/,http://www.creationmultimedia.net,9225807779,11-50 employees
Infobells Interactive Solutions,https://www.linkedin.com/company/infobells-interactive-solutions/,http://www.infobells.com,,11-50 employees
Essence Studios,https://www.linkedin.com/company/essence-studios-official/,https://essencestudios.net/,0124-4252489,51-200 employees
Filmbaker ,https://www.linkedin.com/company/filmbakerindia/,https://www.filmbaker.in/,+91-9611145064,11-50 employees
"ITBT Department, Karnataka",https://www.linkedin.com/company/itbtgok/,http://itbt.karnataka.gov.in,,"501-1,000 employees"
Dinero Tech Labs Pvt Ltd,https://www.linkedin.com/company/dinero-tech-labs/,http://www.dinerotechlabs.com,04842989101,11-50 employees
Empower School Of Animation,https://www.linkedin.com/company/empower-school-of-animation/,https://www.empowerschoolofanimation.com/,,11-50 employees
Mahindra Satyam BPO,https://www.linkedin.com/company/mahindra-satyam-bpo/,http://www.mahindrasatyam.com/bpo/index.asp,,"1,001-5,000 employees"
Prime Focus Academy of Media &amp; Entertainment Studies,https://www.linkedin.com/company/primefocusacademy/,http://pfames.com,086574 37725,201-500 employees
Qualhon Informatics Pvt. Ltd.,https://www.linkedin.com/company/qualhon/,https://qualhon.com/,,11-50 employees
ESAC - E Plus School of Animation &amp; Cinematics,https://www.linkedin.com/company/esacschool/,http://www.esac.school,8828109041,
CGI Perspective ™,https://www.linkedin.com/company/cgiperspective/,https://www.facebook.com/cgiperspective/,,
Actualize Consulting Engineers (India) Pvt Ltd,https://www.linkedin.com/company/actualizece/,http://www.actualize.co.in,,51-200 employees
Acropetal Animation India Pvt.ltd,https://www.linkedin.com/company/acropetal-animation-india-pvt.ltd/,http://www.acroanim.com,,51-200 employees
Structures Explained,https://www.linkedin.com/company/structuresexplained/,https://www.youtube.com/StructuresExplained,,
ROBOSAPIENS TECHNOLOGIES Pvt. Ltd.,https://www.linkedin.com/company/robosapiens-technologies-pvt-ltd-/,http://www.robosapiensindia.com,,11-50 employees
The Honest Illustrations,https://www.linkedin.com/company/the-honest-illustrations/,http://www.thehonestillustrations.com,9820110860,2-10 employees
ALLinMOTION Studios,https://www.linkedin.com/company/allinmotion-studios/,http://www.allinmotion.com,,2-10 employees
iNurture Education Solutions Pvt. Ltd. ,https://www.linkedin.com/company/inurture-education-solution-pvt-ltd/,http://www.inurture.co.in,,"501-1,000 employees"
MindBox India,https://www.linkedin.com/company/mindbox-india/,http://www.mindbox.in,,201-500 employees
Graphē,https://www.linkedin.com/company/the-graphe/,http://www.thegraphe.com/services,+91 7727827092,11-50 employees
2nz Animation Co.,https://www.linkedin.com/company/2nz-animation-co./,http://www.2nz.com,,11-50 employees
Silly Pixel Studio,https://www.linkedin.com/company/studiosillypixel/,http://www.sillypixelstudio.com,9529120717,2-10 employees
Chennaianimation - MAAC - Trusted Animation Institute,https://www.linkedin.com/company/chennaianimation/,http://www.chennaianimation.com,919962011611,2-10 employees
Arena Animation Park Street,https://www.linkedin.com/company/arena-animation-park-street/,https://www.arenaparkstreet.com/,+91 90070 63660,11-50 employees
Pickles Animation Pvt. Ltd.,https://www.linkedin.com/company/pickles-animation-pvt-ltd-/,http://picklesanimation.com/,,2-10 employees
Blueribbon 3D Animation Studio,https://www.linkedin.com/company/blueribbon-3d-animation-studio/,https://www.blueribbon3d.com/,96244 65429,11-50 employees
Sonoco-Trident,https://www.linkedin.com/company/sonoco-trident/,http://www.sonoco-trident.com,,"501-1,000 employees"
Supari Studios,https://www.linkedin.com/company/suparistudios/,http://www.vimeo.com/suparistudios,,11-50 employees
,https://www.linkedin.com/company/dmix-in-animation-studio/,,,2-10 employees
Buffalo Soldiers,https://www.linkedin.com/company/buffalosoldiersdigital/,https://buffalosoldiersdigital.com/,+91 9310482522,11-50 employees
,https://www.linkedin.com/company/smc_3/,,,2-10 employees
AdEngage,https://www.linkedin.com/company/adengage/,https://www.adengage.in,9137612073,51-200 employees
Drishtibimb,https://www.linkedin.com/company/drishtibimb/,http://www.drishtibimb.com,,2-10 employees
Animation Planet,https://www.linkedin.com/company/animationplanet/,http://www.theanimationplanet.com,+917709557319,2-10 employees
Moshi Moshi Media,https://www.linkedin.com/company/moshimoshimedia/,https://www.moshimoshi.in/,9148544178,51-200 employees
Buzz Makers ,https://www.linkedin.com/company/buzzmakersindia/,http://www.buzzmakers.in,9890393090,2-10 employees
CorpTeaser Animation and Films,https://www.linkedin.com/company/corpteaser-animation-and-films/,http://www.corpteaser.com/,,11-50 employees
Graphixstory™ ,https://www.linkedin.com/company/graphixstory%E2%84%A2/,http://www.graphixstory.com/,+918583897801,11-50 employees
Prime Focus Limited,https://www.linkedin.com/company/prime-focus-ltd-/,http://primefocusltd.com/,,"5,001-10,000 employees"
Chandigarh Group Of Colleges,https://www.linkedin.com/company/chandigarh-group-of-colleges/,http://www.cgc.edu.in/,,"5,001-10,000 employees"
Picasso Animation College,https://www.linkedin.com/company/picasso-animation-college/,http://www.picasso.co.in,,51-200 employees
Steps Animation,https://www.linkedin.com/company/steps-animation/,https://www.stepsanimation.com,+91 760 041 8811,
The Animation Society of India,https://www.linkedin.com/company/the-animation-society-of-india/,http://www.tasionline.org,,0-1 employees
Crazy Lad Animations,https://www.linkedin.com/company/crazyladanimations/,https://crazyladanimations.com/,9662644420,2-10 employees
OH! Design Studio,https://www.linkedin.com/company/oh-design-studio/,https://www.ohdesignstudio.com,+919820854943,11-50 employees
AIS Technolabs Pvt Ltd,https://www.linkedin.com/company/ais-technolabs/,http://www.aistechnolabs.com/,,51-200 employees
,https://www.linkedin.com/company/spellbound-visual-effects-&amp;-animation-pvt-ltd--india-/,,,
Graphiti Multimedia Pvt Ltd,https://www.linkedin.com/company/graphiti-multimedia-pvt-ltd/,http://www.graphiti.net,,51-200 employees
Films Rajendraa,https://www.linkedin.com/company/films-rajendraa/,http://filmsrajendraa.com/,,11-50 employees
Technicolor,https://www.linkedin.com/company/technicolor/,http://www.technicolor.com,,"10,001+ employees"
Ample Animation,https://www.linkedin.com/company/ample-animation/,http://www.ampleanimation.com,+91 9846109777,11-50 employees
Toonz Animation Academy,https://www.linkedin.com/company/toonz-animation-academy/,http://www.toonzacadamy.com,,
Maya Digital Studios Pvt. Ltd,https://www.linkedin.com/company/cosmos-maya-digital-studios-pvt-ltd/,https://cosmos-maya.com/,,"1,001-5,000 employees"
Anibrain,https://www.linkedin.com/company/anibrain/,http://www.anibrain.com,,"501-1,000 employees"
Graphic Era Hill University,https://www.linkedin.com/company/graphic-era-hilluniversity/,http://www.gehu.ac.in,,"1,001-5,000 employees"
Geniies IT &amp; Services Private Limited,https://www.linkedin.com/company/geniies/,https://geniies.com,,51-200 employees
3D Casa Studio ,https://www.linkedin.com/company/3dcasastudio/,https://3d-casa-studio.business.site,+91 8957818988,2-10 employees
Aswaforce,https://www.linkedin.com/company/aswaforce/,http://www.aswaforce.com,,2-10 employees
Radars Technologies,https://www.linkedin.com/company/radarstechnologies/,https://radarstech.com,90 72 72 72 40,2-10 employees
Arena Animation Kankurgachi,https://www.linkedin.com/company/arena-animation-kankurgachi/,http://www.arenakkg.com/,,11-50 employees
ASK-EHS Engineering &amp; Consultants PVT LTD,https://www.linkedin.com/company/2897642/,https://www.ask-ehs.com/,,"501-1,000 employees"
 3D Animation,https://www.linkedin.com/company/kraft-creation-3d-animation-studio-digital-film-making-company/,http://www.kraftcreation.com,,11-50 employees
Netclues,https://www.linkedin.com/company/netclues-inc/,https://www.netclues.com/,+1 (345)-925-2233,51-200 employees
Akac Animation,https://www.linkedin.com/company/akac-animation/,https://www.akac.in,9515559559,
Arena Animation Garia,https://www.linkedin.com/company/arena-animation-garia/,http://www.arenagaria.com,,2-10 employees
LaBa Animation Studios,https://www.linkedin.com/company/laba-animation-studios/,,9831348249,2-10 employees
Hula Hoop VFX,https://www.linkedin.com/company/hula-hoop-vfx/,http://www.hhoop.com,,51-200 employees
Yuva Animation Studios Pvt Ltd,https://www.linkedin.com/company/yuva-animation-studios-pvt-ltd/,http://www.yuvaanimationstudios.com/,,201-500 employees
Prayan Animation Studio Pvt. Ltd.,https://www.linkedin.com/company/prayan-animation-studio-pvt-ltd/,http://www.prayananimation.com,+919526573922,11-50 employees
Weaverbird- 3D Visualization &amp; Animation Studio,https://www.linkedin.com/company/weaverbird-3d-visualization-and-animation-studio/,http://www.weaverbird.co.in,02221630888,2-10 employees
Rainshine Entertainment,https://www.linkedin.com/company/rainshine-entertainment/,http://www.rainshine.com,,201-500 employees
,https://www.linkedin.com/company/shaft-animation-studio/,http://www.shaftanimations.org,,11-50 employees
"Arena Animation Chowringhee, Kolkata ",https://www.linkedin.com/company/arena-animation-chowringhee-kolkata/,https://www.arenach.com/,8981005544,11-50 employees
DigitalScool,https://www.linkedin.com/company/digitalscool/,http://www.digitalscool.com,,11-50 employees
Ruby Seven Studios India (ChaYoWo Games),https://www.linkedin.com/company/chayowo-games/,http://www.rubyseven.com,,51-200 employees
Crazy Cub Animation Studio Pvt. Ltd.,https://www.linkedin.com/company/all-cg-studio/,http://www.crazycubanimations.com,,11-50 employees
ChimpzLab,https://www.linkedin.com/company/chimpzlab/,http://chimpzlab.com/,,2-10 employees
Whistling Woods International,https://www.linkedin.com/company/whistling-woods-international/,http://whistlingwoods.film/,+912230916000,51-200 employees
Konnect Me Animation | Explainer Videos,https://www.linkedin.com/company/konnectmeanimation/,http://konnectme.video,9898659586,11-50 employees
SME Networks Pvt Ltd,https://www.linkedin.com/company/sme-getmoney/,http://www.smenetworks.in,,11-50 employees
Mr. X,https://www.linkedin.com/company/mr--x/,http://www.mrxfx.com,,201-500 employees
BFX CGI,https://www.linkedin.com/company/blowfish-fx/,http://www.bfxcgi.com,,0-1 employees
Animation International India Pvt. Ltd.,https://www.linkedin.com/company/ai-licensing-india-pvt-ltd/,http://www.ai-india.com,91 2228763501,11-50 employees
CLO Virtual Fashion Inc.,https://www.linkedin.com/company/clo-virtual-fashion-inc-/,https://www.clovirtualfashion.com/,,51-200 employees
VFX &amp; Animation jobs,https://www.linkedin.com/company/vfxanimaitonjobs/,https://www.facebook.com/Vfxanimationjobs1,,2-10 employees
COLOUR BAR  ANIMATION,https://www.linkedin.com/company/colourbar/,https://www.facebook.com/Colour-Bar-211855858859471/?ref=bookmarks,,11-50 employees
Digitales Studios,https://www.linkedin.com/company/digitales-studios/,http://www.digitalesstudios.com,,51-200 employees
Lumikai Fund,https://www.linkedin.com/company/lumikai/,https://www.lumikai.com,,2-10 employees
Daddy's Code,https://www.linkedin.com/company/daddyscode/,https://www.daddyscode.com,7211114383,11-50 employees
Inventindia Innovations Pvt. Ltd.,https://www.linkedin.com/company/inventindia/,http://www.inventindia.com,,51-200 employees
YUVA ANIMATION STUDIOS PRIVATE LIMITED,https://www.linkedin.com/company/yuva-animation-studios-private-limited/,,,
88 Pictures,https://www.linkedin.com/company/88-pictures-limited/,http://www.88.pictures,+91 22 6828 8888,201-500 employees
,https://www.linkedin.com/company/purplemango-india--branding-design-&amp;-advertising/,,,
Plaxonic Technologies,https://www.linkedin.com/company/plaxonic/,https://www.plaxonic.com,+91 120 4211120,201-500 employees
Industrial Pixel Magic Visual Effects And Animation Studio Private Limited,https://www.linkedin.com/company/ipmvfx/,http://www.ipmvfx.com/,8667823907,51-200 employees
BC Web Wise,https://www.linkedin.com/company/bc-web-wise/,http://www.bcwebwise.com,++91-22-67674000,51-200 employees
Omens Studios,https://www.linkedin.com/company/omens-studios/,http://www.omens-studios.com/,+6568170528,51-200 employees
Ripple Animation &amp; Ripple Media,https://www.linkedin.com/company/3782725/,http://www.rippleanimation.com,,11-50 employees
iRealities,https://www.linkedin.com/company/irealities/,http://www.irealities.com,,51-200 employees
Tavrohi Animations Private Limited,https://www.linkedin.com/company/tavrohianimations/,http://www.tavrohi.com,,11-50 employees
Brio Studio,https://www.linkedin.com/company/brio-studio-pune/,https://www.brio-studio.com,,51-200 employees
Hi Tech Animation,https://www.linkedin.com/company/hi-tech-animation/,http://www.hitechanimation.com,8100681006,11-50 employees
SILVER OAK UNIVERSITY,https://www.linkedin.com/company/silveroakuni/,http://silveroakuni.ac.in/,+91-79-66046304,"501-1,000 employees"
MAP Systems,https://www.linkedin.com/company/3754094/,https://mapsystemsindia.com/,,201-500 employees
HiTech Animation (Official Page),https://www.linkedin.com/company/hi-tech-animation-official-page/,http://www.hitechanimation.com,,201-500 employees
Raffles Education Corporation,https://www.linkedin.com/company/raffles-education-corporation/,http://www.raffles-education-corporation.com,,"1,001-5,000 employees"
Ares Studio -3D Art Outsourcing,https://www.linkedin.com/company/aresstudio/,http://www.aresstudio.in,,2-10 employees
Arena Animation Sayajigunj,https://www.linkedin.com/company/arena-animation-sayajigunj/,https://www.arena-sayajigunj.com/,09825572027,11-50 employees
,https://www.linkedin.com/company/q2amedia/,,,11-50 employees
Lumicel 2D Animation Production Services,https://www.linkedin.com/company/lumicel-2d-animation-services/,http://www.lumicelstudios.com,,
Safety Animation,https://www.linkedin.com/company/safety-animation/,http://www.ask-ehs.com/animation/animated-safety-videos.htm,,
SKFGI (Supreme Knowledge Foundation),https://www.linkedin.com/company/supreme-knowledge-foundation-group-of-institutions/,http://skf.edu.in,,51-200 employees
PHP Expert Technologies Pvt. Ltd.,https://www.linkedin.com/company/php-expert-technologies/,http://www.phpexperttechnologies.com/,+917428069025,11-50 employees
Studio 33,https://www.linkedin.com/company/studio-33/,http://www.thisisstudio33.com,+91 80-25472225,11-50 employees
Ripple Animation &amp; Ripple Media,https://www.linkedin.com/company/ripplemedia/,http://www.rippleanimation.com,,11-50 employees
Hi-Tech Animation,https://www.linkedin.com/company/hitechanimation/,http://www.hitechanimation.com,8777056267,"501-1,000 employees"
CADD Centre Training Services Private Limited,https://www.linkedin.com/company/cadd-centre/,http://www.caddcentre.com,,"501-1,000 employees"
Adroitec Engineering Solutions Pvt Ltd,https://www.linkedin.com/company/adroitec-engineering-solutions-pvt-ltd/,http://www.adroitecengg.com,,51-200 employees
Sparks Animation,https://www.linkedin.com/company/sparks-animation/,https://www.facebook.com/sparksanimation,,11-50 employees
Bellpepper Animation,https://www.linkedin.com/company/bellpepper-animation/,http://www.bellpepperanimation.com,,11-50 employees
VenSat Tech Services Pvt Ltd,https://www.linkedin.com/company/vensat-tech-services-pvt-ltd/,http://www.VenSat.in,,51-200 employees
Moppet Animation Studio,https://www.linkedin.com/company/moppet-animation-studio/,http://moppet.co.in,,11-50 employees
Amnet Systems,https://www.linkedin.com/company/amnet-systems/,https://www.amnet-systems.com,,"1,001-5,000 employees"
Pixel Animation Studios,https://www.linkedin.com/company/pixel-animation-studios/,http://www.pixel-india.com,,11-50 employees
Xsens,https://www.linkedin.com/company/xsens/,http://www.xsens.com,,51-200 employees
Kaanvi Photography&amp;Animation,https://www.linkedin.com/company/kaanvi/,https://kaanvi.com/,9990941999,2-10 employees
Mountain Flower Animation Pvt. Ltd.,https://www.linkedin.com/company/mountain-flower-animation-pvt-ltd/,http://www.mountainfloweranimation.in,9032472239,11-50 employees
ADI Group,https://www.linkedin.com/company/adi-group/,http://www.adi-group.com,,51-200 employees
eSense Learning Pvt Ltd,https://www.linkedin.com/company/esense-learning-pvt-ltd/,http://www.esense.co.in,,201-500 employees
"Agni Interactive, Inc.",https://www.linkedin.com/company/agni-interactive-inc./,http://www.agniinteractive.com,,51-200 employees
Arena Animation Annanagar,https://www.linkedin.com/company/arena-animation-annanagar/,http://www.arenaannanagar.com/,,11-50 employees
EPlus Studio,https://www.linkedin.com/company/e-plus-studio/,http://www.eplusstudio.co.in,,11-50 employees
Samaj Infotech,https://www.linkedin.com/company/samajinfotech/,https://www.samajinfotech.com,07961805599,51-200 employees
Mystery Monks,https://www.linkedin.com/company/mystery-monks/,http://www.mysterymonks.com,9643313012,11-50 employees
Navkar Institute,https://www.linkedin.com/company/navkar-institute/,http://www.navkarinstitute.com,07927914500,201-500 employees
Megamotions | 2D Animation Company | Motion Videos,https://www.linkedin.com/company/2d-animation-company-megamotions/,http://megamotions.com/,,11-50 employees
Treble Puns,https://www.linkedin.com/company/treble-puns/,https://treblepuns.com,,2-10 employees
Rolling Dice Studios,https://www.linkedin.com/company/rolling-dice-studios/,http://www.rollingdicestudios.com,,11-50 employees
Indiantelevision.com,https://www.linkedin.com/company/indian-television-dot-com-pvt-ltd/,http://www.indiantelevision.com,,51-200 employees
The Outstanding Speakers'​ Bureau,https://www.linkedin.com/company/the-outstanding-speakers'-bureau/,https://outstandingspeakersbureau.in,,11-50 employees
Arena Animation,https://www.linkedin.com/company/arena-animation-ghaziabad/,http://www.bestarenaanimation.com/,9811983144,2-10 employees
WIS-iHUB (Innovation hub),https://www.linkedin.com/company/wis-ihub/,http://wis-ihub.com,,51-200 employees
BIG Animation (I) Pvt. Ltd.,https://www.linkedin.com/company/big-animation-i-pvt.-ltd./,http://www.relianceanimation.com,,201-500 employees
Pepper Animation,https://www.linkedin.com/company/pepperanimation/,http://www.pepperanimation.com,,2-10 employees
Stickfigures Animation,https://www.linkedin.com/company/stickfigures-animation/,,,
Salman Khan Films,https://www.linkedin.com/company/salman-khan-films/,https://www.youtube.com/SalmanKhanFilms,,11-50 employees
Toonz Media Group,https://www.linkedin.com/company/toonz-media-group/,http://www.toonz.co,,201-500 employees
Silverline Animation Technologies Limited,https://www.linkedin.com/company/nextgen-animation-mediaa-limited/,http://www.silverlineanimationtechnologies.com,,11-50 employees
Creative Gaga,https://www.linkedin.com/company/creativegaga/,http://www.creativegaga.com,,11-50 employees
Arc Solutions,https://www.linkedin.com/company/thearcsolutions/,http://www.arcsolutions.site,,11-50 employees
Varchas Animation Studios Pvt. Ltd.,https://www.linkedin.com/company/varchasstudios/,http://www.varchasstudios.com,,2-10 employees
Marketin Digital Services,https://www.linkedin.com/company/ezootaa-interactive-private-limited/,http://www.marketin.in,,2-10 employees
Citrus Ink Studios Pvt. Ltd.,https://www.linkedin.com/company/citrus-inc-studios/,http://citrusincstudios.com/,,11-50 employees
Light Animation,https://www.linkedin.com/company/light-animation/,https://www.lightanimation.in,,2-10 employees
Raletta,https://www.linkedin.com/company/raletta/,https://www.raletta.in,8888839939,201-500 employees
TGC Animation and Multimedia ,https://www.linkedin.com/company/tgc-animation-and-multimedia/,https://www.tgcindia.com/,,2-10 employees
Xentrix Studios,https://www.linkedin.com/company/xentrix-studios/,http://www.xentrixstudios.com,,201-500 employees
Zyeta,https://www.linkedin.com/company/zyeta/,http://www.zyeta.com,,51-200 employees
Arena Animation Ahmedabad ,https://www.linkedin.com/company/arena-animation-ahmedabad/,https://www.arena-animation.in,9824061100,2-10 employees
PurpleTalk,https://www.linkedin.com/company/purple-talk/,http://www.purpletalk.com/,,"501-1,000 employees"
AB VFX Studios,https://www.linkedin.com/company/ab-vfx-studios/,http://www.abvfxstudios.com,,51-200 employees
MAAC Animation &amp; VFX - Jayanagar,https://www.linkedin.com/company/maacjayanagar/,http://maacacademy.com,7892165594,2-10 employees
Oxygen animation Studio,https://www.linkedin.com/company/oxygen-animation-studio/,http://www.oxygenanimationstudio.com,,2-10 employees
Viaan Industries LimitedPROMOTED BY SHILPA SHETTY KUNDRA &amp; RAJ KUNDRA,https://www.linkedin.com/company/viaanindustrieslimited/,http://www.v-ind.com/,,51-200 employees
Animation and VFX Jobs,https://www.linkedin.com/company/animation-and-vfx-jobs/,https://animationandvfxjobs.com/,9987502251,0-1 employees
Disenosys,https://www.linkedin.com/company/disenosys/,https://disenosys.com/,,11-50 employees
ARK Infosolutions Pvt. Ltd.,https://www.linkedin.com/company/ark-infosolutions-pvt-ltd/,http://www.arkinfo.in,,51-200 employees
CRAZY ANIMATION ENTERTAINMENT PVT LTD,https://www.linkedin.com/company/crazy-animation-entertainment-pvt-ltd/,http://WWW.CRAZYANIMATIONSTUDIO.COM,,201-500 employees
"Chandigarh Group of Colleges, Landran, Punjab",https://www.linkedin.com/company/cgcpunjab/,http://www.cgc.edu.in/,,"501-1,000 employees"
,https://www.linkedin.com/company/2d-animation-studio/,http://www.2danimationstudio.com,,0-1 employees
Post Office Studios,https://www.linkedin.com/company/post-office-studios/,http://www.postofficestudios.com,,11-50 employees
After Studio Animation,https://www.linkedin.com/company/afteranimationstudio/,http://www.afteranimation.studio,917738843968,51-200 employees
Raasta Studios,https://www.linkedin.com/company/raasta-studios/,https://www.raastastudios.com,,51-200 employees
Triumph India Software Services Pvt Ltd,https://www.linkedin.com/company/triumph-india-software-services-pvt-ltd/,http://www.triumphindia.com,,51-200 employees
Raksavi Animation and VFX Institute ,https://www.linkedin.com/company/raksavi-animation-and-vfx-institute/,http://www.raksaviatc.com,9156837449,2-10 employees
Creative Mediapulse Technologies Ltd.,https://www.linkedin.com/company/cmptl/,http://www.CMPTL.com,,51-200 employees
Arena Animation,https://www.linkedin.com/company/arena-animation/,https://www.arena-multimedia.com/in/en/,,51-200 employees
Viaan Industries Ltd.,https://www.linkedin.com/company/viaan-industries-ltd/,https://www.v-ind.com/,,201-500 employees
Phantom FX,https://www.linkedin.com/company/phantom-fx/,http://www.phantom-fx.com,,201-500 employees
,https://www.linkedin.com/company/virtual-voyage-college-of-design-media-art-&amp;-management/,,,
Lattu kids,https://www.linkedin.com/company/lattu-kids/,https://lattukids.com,,11-50 employees
Agaram InfoTech Private Limited,https://www.linkedin.com/company/agaram-infotech-private-limited/,http://www.agaraminfotech.com,,201-500 employees
Anitoons Animation Pvt Ltd,https://www.linkedin.com/company/anitoons-animation-pvt-ltd/,http://www.anitoonsindia.com,,11-50 employees
Lumicel Animation Studios,https://www.linkedin.com/company/1449390/,https://www.lumicelstudios.com,,51-200 employees
Studiotale,https://www.linkedin.com/company/studiotale/,http://www.studiotale.com/,+91 9703778952,2-10 employees
9X Media Pvt. Ltd.,https://www.linkedin.com/company/9x-media-pvt.-ltd./,http://www.9Xmedia.in,,201-500 employees
CG ANIMATION ACADEMY ,https://www.linkedin.com/company/veda-extension-center-pune-cg/,http://www.pai-ils.com,9373036773,2-10 employees
Growel Softech Ltd,https://www.linkedin.com/company/growel-softech-ltd/,http://www.growelsoftech.com/,9860955453,"501-1,000 employees"
Brandniti,https://www.linkedin.com/company/brandniti/,https://www.brandniti.com,93242 86354,11-50 employees
Golden Robot Animation Pvt. Ltd.,https://www.linkedin.com/company/golden-robot-animation/,http://www.goldenrobot.in,+91 22 4511 1501,51-200 employees
PitchWorx ,https://www.linkedin.com/company/pitchworx/,http://www.pitchworx.com/,+91-9590-770-780,11-50 employees
AnimationXpress India Pvt Ltd,https://www.linkedin.com/company/animationxpress-india-pvt-ltd/,http://www.animationxpress.com,91-22-66424112,11-50 employees
Outsource 3d Animation,https://www.linkedin.com/company/outsource-3d-animation/,http://www.outsource3danimation.com,,2-10 employees
Kalpkriti Pvt. Ltd.,https://www.linkedin.com/company/kalpkriti-pvt-ltd/,https://play.google.com/store/apps/details?id=com.kk.chimpoon,8744032032,11-50 employees
Giggle and Bytes Animation Studio,https://www.linkedin.com/company/giggle-and-bytes-animation-studio/,http://www.giggleandbytes.com/,,11-50 employees
Swarrnim Startup and Innovation University,https://www.linkedin.com/company/swarrnim-startup-and-innovation-university/,,+91 9512343333,201-500 employees
TwinToons Animation Studio,https://www.linkedin.com/company/twintoonsanimationstudio/,https://twintoonsanimationstudio.com,+91 9007588800,2-10 employees
